year,age_group,state,donations
2006,17-24,Johor,1560
2006,17-24,Kedah,237
2006,17-24,Kelantan,2361
2006,17-24,Malaysia,67148
2006,17-24,Melaka,2813
2006,17-24,Negeri Sembilan,1217
2006,17-24,Pahang,1430
2006,17-24,Perak,18
2006,17-24,Pulau Pinang,0
2006,17-24,Sabah,512
2006,17-24,Sarawak,16
2006,17-24,Selangor,527
2006,17-24,Terengganu,9018
2006,17-24,W.P. Kuala Lumpur,47439
2006,25-29,Johor,688
2006,25-29,Kedah,69
2006,25-29,Kelantan,466
2006,25-29,Malaysia,22242
2006,25-29,Melaka,821
2006,25-29,Negeri Sembilan,502
2006,25-29,Pahang,346
2006,25-29,Perak,13
2006,25-29,Pulau Pinang,0
2006,25-29,Sabah,418
2006,25-29,Sarawak,14
2006,25-29,Selangor,266
2006,25-29,Terengganu,1165
2006,25-29,W.P. Kuala Lumpur,17474
2006,30-34,Johor,458
2006,30-34,Kedah,62
2006,30-34,Kelantan,340
2006,30-34,Malaysia,14880
2006,30-34,Melaka,585
2006,30-34,Negeri Sembilan,516
2006,30-34,Pahang,246
2006,30-34,Perak,2
2006,30-34,Pulau Pinang,0
2006,30-34,Sabah,385
2006,30-34,Sarawak,12
2006,30-34,Selangor,177
2006,30-34,Terengganu,804
2006,30-34,W.P. Kuala Lumpur,11293
2006,35-39,Johor,364
2006,35-39,Kedah,51
2006,35-39,Kelantan,302
2006,35-39,Malaysia,11927
2006,35-39,Melaka,604
2006,35-39,Negeri Sembilan,493
2006,35-39,Pahang,225
2006,35-39,Perak,1
2006,35-39,Pulau Pinang,0
2006,35-39,Sabah,370
2006,35-39,Sarawak,8
2006,35-39,Selangor,166
2006,35-39,Terengganu,739
2006,35-39,W.P. Kuala Lumpur,8604
2006,40-44,Johor,346
2006,40-44,Kedah,38
2006,40-44,Kelantan,271
2006,40-44,Malaysia,9240
2006,40-44,Melaka,397
2006,40-44,Negeri Sembilan,377
2006,40-44,Pahang,202
2006,40-44,Perak,2
2006,40-44,Pulau Pinang,0
2006,40-44,Sabah,279
2006,40-44,Sarawak,1
2006,40-44,Selangor,122
2006,40-44,Terengganu,705
2006,40-44,W.P. Kuala Lumpur,6500
2006,45-49,Johor,237
2006,45-49,Kedah,34
2006,45-49,Kelantan,231
2006,45-49,Malaysia,6367
2006,45-49,Melaka,281
2006,45-49,Negeri Sembilan,318
2006,45-49,Pahang,155
2006,45-49,Perak,2
2006,45-49,Pulau Pinang,0
2006,45-49,Sabah,210
2006,45-49,Sarawak,3
2006,45-49,Selangor,71
2006,45-49,Terengganu,489
2006,45-49,W.P. Kuala Lumpur,4336
2006,50-54,Johor,132
2006,50-54,Kedah,19
2006,50-54,Kelantan,126
2006,50-54,Malaysia,3278
2006,50-54,Melaka,163
2006,50-54,Negeri Sembilan,165
2006,50-54,Pahang,83
2006,50-54,Perak,1
2006,50-54,Pulau Pinang,0
2006,50-54,Sabah,119
2006,50-54,Sarawak,0
2006,50-54,Selangor,40
2006,50-54,Terengganu,259
2006,50-54,W.P. Kuala Lumpur,2171
2006,55-59,Johor,44
2006,55-59,Kedah,9
2006,55-59,Kelantan,40
2006,55-59,Malaysia,1126
2006,55-59,Melaka,60
2006,55-59,Negeri Sembilan,81
2006,55-59,Pahang,29
2006,55-59,Perak,0
2006,55-59,Pulau Pinang,0
2006,55-59,Sabah,40
2006,55-59,Sarawak,0
2006,55-59,Selangor,9
2006,55-59,Terengganu,98
2006,55-59,W.P. Kuala Lumpur,716
2006,60-64,Johor,7
2006,60-64,Kedah,0
2006,60-64,Kelantan,3
2006,60-64,Malaysia,73
2006,60-64,Melaka,2
2006,60-64,Negeri Sembilan,5
2006,60-64,Pahang,1
2006,60-64,Perak,0
2006,60-64,Pulau Pinang,0
2006,60-64,Sabah,1
2006,60-64,Sarawak,0
2006,60-64,Selangor,0
2006,60-64,Terengganu,4
2006,60-64,W.P. Kuala Lumpur,50
2007,17-24,Johor,873
2007,17-24,Kedah,8864
2007,17-24,Kelantan,3905
2007,17-24,Malaysia,72350
2007,17-24,Melaka,7999
2007,17-24,Negeri Sembilan,4304
2007,17-24,Pahang,1224
2007,17-24,Perak,14
2007,17-24,Pulau Pinang,0
2007,17-24,Sabah,3659
2007,17-24,Sarawak,21
2007,17-24,Selangor,4217
2007,17-24,Terengganu,771
2007,17-24,W.P. Kuala Lumpur,36499
2007,25-29,Johor,459
2007,25-29,Kedah,1450
2007,25-29,Kelantan,932
2007,25-29,Malaysia,25466
2007,25-29,Melaka,2225
2007,25-29,Negeri Sembilan,1126
2007,25-29,Pahang,287
2007,25-29,Perak,4
2007,25-29,Pulau Pinang,0
2007,25-29,Sabah,1686
2007,25-29,Sarawak,15
2007,25-29,Selangor,1988
2007,25-29,Terengganu,72
2007,25-29,W.P. Kuala Lumpur,15222
2007,30-34,Johor,394
2007,30-34,Kedah,864
2007,30-34,Kelantan,595
2007,30-34,Malaysia,17340
2007,30-34,Melaka,1599
2007,30-34,Negeri Sembilan,873
2007,30-34,Pahang,201
2007,30-34,Perak,3
2007,30-34,Pulau Pinang,0
2007,30-34,Sabah,1190
2007,30-34,Sarawak,14
2007,30-34,Selangor,1531
2007,30-34,Terengganu,40
2007,30-34,W.P. Kuala Lumpur,10036
2007,35-39,Johor,300
2007,35-39,Kedah,839
2007,35-39,Kelantan,482
2007,35-39,Malaysia,14081
2007,35-39,Melaka,1366
2007,35-39,Negeri Sembilan,786
2007,35-39,Pahang,158
2007,35-39,Perak,6
2007,35-39,Pulau Pinang,0
2007,35-39,Sabah,1060
2007,35-39,Sarawak,11
2007,35-39,Selangor,1400
2007,35-39,Terengganu,32
2007,35-39,W.P. Kuala Lumpur,7641
2007,40-44,Johor,288
2007,40-44,Kedah,742
2007,40-44,Kelantan,409
2007,40-44,Malaysia,10787
2007,40-44,Melaka,1143
2007,40-44,Negeri Sembilan,602
2007,40-44,Pahang,117
2007,40-44,Perak,4
2007,40-44,Pulau Pinang,0
2007,40-44,Sabah,843
2007,40-44,Sarawak,2
2007,40-44,Selangor,992
2007,40-44,Terengganu,33
2007,40-44,W.P. Kuala Lumpur,5612
2007,45-49,Johor,214
2007,45-49,Kedah,547
2007,45-49,Kelantan,284
2007,45-49,Malaysia,7515
2007,45-49,Melaka,850
2007,45-49,Negeri Sembilan,450
2007,45-49,Pahang,78
2007,45-49,Perak,5
2007,45-49,Pulau Pinang,0
2007,45-49,Sabah,669
2007,45-49,Sarawak,6
2007,45-49,Selangor,683
2007,45-49,Terengganu,24
2007,45-49,W.P. Kuala Lumpur,3705
2007,50-54,Johor,115
2007,50-54,Kedah,308
2007,50-54,Kelantan,169
2007,50-54,Malaysia,4007
2007,50-54,Melaka,491
2007,50-54,Negeri Sembilan,263
2007,50-54,Pahang,51
2007,50-54,Perak,1
2007,50-54,Pulau Pinang,0
2007,50-54,Sabah,329
2007,50-54,Sarawak,1
2007,50-54,Selangor,281
2007,50-54,Terengganu,7
2007,50-54,W.P. Kuala Lumpur,1991
2007,55-59,Johor,42
2007,55-59,Kedah,111
2007,55-59,Kelantan,52
2007,55-59,Malaysia,1456
2007,55-59,Melaka,198
2007,55-59,Negeri Sembilan,134
2007,55-59,Pahang,18
2007,55-59,Perak,1
2007,55-59,Pulau Pinang,0
2007,55-59,Sabah,133
2007,55-59,Sarawak,0
2007,55-59,Selangor,93
2007,55-59,Terengganu,5
2007,55-59,W.P. Kuala Lumpur,669
2007,60-64,Johor,3
2007,60-64,Kedah,7
2007,60-64,Kelantan,8
2007,60-64,Malaysia,135
2007,60-64,Melaka,18
2007,60-64,Negeri Sembilan,10
2007,60-64,Pahang,1
2007,60-64,Perak,0
2007,60-64,Pulau Pinang,0
2007,60-64,Sabah,15
2007,60-64,Sarawak,0
2007,60-64,Selangor,2
2007,60-64,Terengganu,1
2007,60-64,W.P. Kuala Lumpur,70
2008,17-24,Johor,1635
2008,17-24,Kedah,11477
2008,17-24,Kelantan,5282
2008,17-24,Malaysia,89389
2008,17-24,Melaka,6784
2008,17-24,Negeri Sembilan,3621
2008,17-24,Pahang,1139
2008,17-24,Perak,10258
2008,17-24,Pulau Pinang,0
2008,17-24,Sabah,4922
2008,17-24,Sarawak,1701
2008,17-24,Selangor,3719
2008,17-24,Terengganu,3475
2008,17-24,W.P. Kuala Lumpur,35376
2008,25-29,Johor,786
2008,25-29,Kedah,3246
2008,25-29,Kelantan,684
2008,25-29,Malaysia,29145
2008,25-29,Melaka,1834
2008,25-29,Negeri Sembilan,1045
2008,25-29,Pahang,231
2008,25-29,Perak,1910
2008,25-29,Pulau Pinang,0
2008,25-29,Sabah,1858
2008,25-29,Sarawak,1301
2008,25-29,Selangor,1818
2008,25-29,Terengganu,468
2008,25-29,W.P. Kuala Lumpur,13964
2008,30-34,Johor,687
2008,30-34,Kedah,2410
2008,30-34,Kelantan,459
2008,30-34,Malaysia,20549
2008,30-34,Melaka,1328
2008,30-34,Negeri Sembilan,741
2008,30-34,Pahang,130
2008,30-34,Perak,1483
2008,30-34,Pulau Pinang,0
2008,30-34,Sabah,1257
2008,30-34,Sarawak,1487
2008,30-34,Selangor,1338
2008,30-34,Terengganu,243
2008,30-34,W.P. Kuala Lumpur,8986
2008,35-39,Johor,626
2008,35-39,Kedah,2120
2008,35-39,Kelantan,412
2008,35-39,Malaysia,16753
2008,35-39,Melaka,1088
2008,35-39,Negeri Sembilan,579
2008,35-39,Pahang,97
2008,35-39,Perak,1505
2008,35-39,Pulau Pinang,0
2008,35-39,Sabah,1090
2008,35-39,Sarawak,1401
2008,35-39,Selangor,1031
2008,35-39,Terengganu,204
2008,35-39,W.P. Kuala Lumpur,6600
2008,40-44,Johor,464
2008,40-44,Kedah,1837
2008,40-44,Kelantan,350
2008,40-44,Malaysia,12810
2008,40-44,Melaka,717
2008,40-44,Negeri Sembilan,443
2008,40-44,Pahang,64
2008,40-44,Perak,1369
2008,40-44,Pulau Pinang,0
2008,40-44,Sabah,809
2008,40-44,Sarawak,1131
2008,40-44,Selangor,801
2008,40-44,Terengganu,137
2008,40-44,W.P. Kuala Lumpur,4688
2008,45-49,Johor,307
2008,45-49,Kedah,1498
2008,45-49,Kelantan,249
2008,45-49,Malaysia,9063
2008,45-49,Melaka,571
2008,45-49,Negeri Sembilan,276
2008,45-49,Pahang,60
2008,45-49,Perak,1053
2008,45-49,Pulau Pinang,0
2008,45-49,Sabah,587
2008,45-49,Sarawak,847
2008,45-49,Selangor,473
2008,45-49,Terengganu,79
2008,45-49,W.P. Kuala Lumpur,3063
2008,50-54,Johor,137
2008,50-54,Kedah,760
2008,50-54,Kelantan,129
2008,50-54,Malaysia,4895
2008,50-54,Melaka,304
2008,50-54,Negeri Sembilan,169
2008,50-54,Pahang,31
2008,50-54,Perak,629
2008,50-54,Pulau Pinang,0
2008,50-54,Sabah,339
2008,50-54,Sarawak,479
2008,50-54,Selangor,233
2008,50-54,Terengganu,53
2008,50-54,W.P. Kuala Lumpur,1632
2008,55-59,Johor,53
2008,55-59,Kedah,292
2008,55-59,Kelantan,43
2008,55-59,Malaysia,1809
2008,55-59,Melaka,133
2008,55-59,Negeri Sembilan,63
2008,55-59,Pahang,15
2008,55-59,Perak,242
2008,55-59,Pulau Pinang,0
2008,55-59,Sabah,125
2008,55-59,Sarawak,174
2008,55-59,Selangor,72
2008,55-59,Terengganu,18
2008,55-59,W.P. Kuala Lumpur,579
2008,60-64,Johor,4
2008,60-64,Kedah,21
2008,60-64,Kelantan,6
2008,60-64,Malaysia,151
2008,60-64,Melaka,13
2008,60-64,Negeri Sembilan,2
2008,60-64,Pahang,0
2008,60-64,Perak,32
2008,60-64,Pulau Pinang,0
2008,60-64,Sabah,14
2008,60-64,Sarawak,5
2008,60-64,Selangor,12
2008,60-64,Terengganu,1
2008,60-64,W.P. Kuala Lumpur,41
2009,17-24,Johor,4697
2009,17-24,Kedah,10069
2009,17-24,Kelantan,4749
2009,17-24,Malaysia,86568
2009,17-24,Melaka,7039
2009,17-24,Negeri Sembilan,3218
2009,17-24,Pahang,1125
2009,17-24,Perak,7779
2009,17-24,Pulau Pinang,0
2009,17-24,Sabah,4414
2009,17-24,Sarawak,1953
2009,17-24,Selangor,4188
2009,17-24,Terengganu,4739
2009,17-24,W.P. Kuala Lumpur,32598
2009,25-29,Johor,2927
2009,25-29,Kedah,2412
2009,25-29,Kelantan,621
2009,25-29,Malaysia,29740
2009,25-29,Melaka,1827
2009,25-29,Negeri Sembilan,877
2009,25-29,Pahang,215
2009,25-29,Perak,1674
2009,25-29,Pulau Pinang,0
2009,25-29,Sabah,1759
2009,25-29,Sarawak,965
2009,25-29,Selangor,1812
2009,25-29,Terengganu,666
2009,25-29,W.P. Kuala Lumpur,13985
2009,30-34,Johor,2504
2009,30-34,Kedah,1768
2009,30-34,Kelantan,370
2009,30-34,Malaysia,20437
2009,30-34,Melaka,1185
2009,30-34,Negeri Sembilan,574
2009,30-34,Pahang,145
2009,30-34,Perak,1296
2009,30-34,Pulau Pinang,0
2009,30-34,Sabah,1151
2009,30-34,Sarawak,888
2009,30-34,Selangor,1463
2009,30-34,Terengganu,339
2009,30-34,W.P. Kuala Lumpur,8754
2009,35-39,Johor,2128
2009,35-39,Kedah,1529
2009,35-39,Kelantan,337
2009,35-39,Malaysia,15799
2009,35-39,Melaka,866
2009,35-39,Negeri Sembilan,499
2009,35-39,Pahang,117
2009,35-39,Perak,1099
2009,35-39,Pulau Pinang,0
2009,35-39,Sabah,799
2009,35-39,Sarawak,813
2009,35-39,Selangor,1143
2009,35-39,Terengganu,236
2009,35-39,W.P. Kuala Lumpur,6233
2009,40-44,Johor,1644
2009,40-44,Kedah,1346
2009,40-44,Kelantan,303
2009,40-44,Malaysia,11950
2009,40-44,Melaka,717
2009,40-44,Negeri Sembilan,299
2009,40-44,Pahang,74
2009,40-44,Perak,1013
2009,40-44,Pulau Pinang,0
2009,40-44,Sabah,601
2009,40-44,Sarawak,605
2009,40-44,Selangor,963
2009,40-44,Terengganu,211
2009,40-44,W.P. Kuala Lumpur,4174
2009,45-49,Johor,1202
2009,45-49,Kedah,995
2009,45-49,Kelantan,265
2009,45-49,Malaysia,8504
2009,45-49,Melaka,491
2009,45-49,Negeri Sembilan,191
2009,45-49,Pahang,54
2009,45-49,Perak,731
2009,45-49,Pulau Pinang,0
2009,45-49,Sabah,489
2009,45-49,Sarawak,435
2009,45-49,Selangor,635
2009,45-49,Terengganu,154
2009,45-49,W.P. Kuala Lumpur,2862
2009,50-54,Johor,564
2009,50-54,Kedah,510
2009,50-54,Kelantan,121
2009,50-54,Malaysia,4546
2009,50-54,Melaka,290
2009,50-54,Negeri Sembilan,99
2009,50-54,Pahang,20
2009,50-54,Perak,419
2009,50-54,Pulau Pinang,0
2009,50-54,Sabah,262
2009,50-54,Sarawak,278
2009,50-54,Selangor,314
2009,50-54,Terengganu,72
2009,50-54,W.P. Kuala Lumpur,1597
2009,55-59,Johor,177
2009,55-59,Kedah,203
2009,55-59,Kelantan,47
2009,55-59,Malaysia,1680
2009,55-59,Melaka,134
2009,55-59,Negeri Sembilan,48
2009,55-59,Pahang,14
2009,55-59,Perak,150
2009,55-59,Pulau Pinang,0
2009,55-59,Sabah,111
2009,55-59,Sarawak,104
2009,55-59,Selangor,106
2009,55-59,Terengganu,31
2009,55-59,W.P. Kuala Lumpur,555
2009,60-64,Johor,16
2009,60-64,Kedah,21
2009,60-64,Kelantan,5
2009,60-64,Malaysia,137
2009,60-64,Melaka,11
2009,60-64,Negeri Sembilan,3
2009,60-64,Pahang,1
2009,60-64,Perak,15
2009,60-64,Pulau Pinang,0
2009,60-64,Sabah,6
2009,60-64,Sarawak,1
2009,60-64,Selangor,8
2009,60-64,Terengganu,1
2009,60-64,W.P. Kuala Lumpur,49
2010,17-24,Johor,5347
2010,17-24,Kedah,10714
2010,17-24,Kelantan,5145
2010,17-24,Malaysia,83346
2010,17-24,Melaka,6273
2010,17-24,Negeri Sembilan,3637
2010,17-24,Pahang,1050
2010,17-24,Perak,8346
2010,17-24,Pulau Pinang,0
2010,17-24,Sabah,3742
2010,17-24,Sarawak,2293
2010,17-24,Selangor,4349
2010,17-24,Terengganu,4520
2010,17-24,W.P. Kuala Lumpur,27930
2010,25-29,Johor,3151
2010,25-29,Kedah,2503
2010,25-29,Kelantan,617
2010,25-29,Malaysia,26883
2010,25-29,Melaka,1485
2010,25-29,Negeri Sembilan,838
2010,25-29,Pahang,206
2010,25-29,Perak,1605
2010,25-29,Pulau Pinang,0
2010,25-29,Sabah,1441
2010,25-29,Sarawak,911
2010,25-29,Selangor,2200
2010,25-29,Terengganu,650
2010,25-29,W.P. Kuala Lumpur,11276
2010,30-34,Johor,2534
2010,30-34,Kedah,1683
2010,30-34,Kelantan,465
2010,30-34,Malaysia,19115
2010,30-34,Melaka,985
2010,30-34,Negeri Sembilan,601
2010,30-34,Pahang,116
2010,30-34,Perak,1194
2010,30-34,Pulau Pinang,0
2010,30-34,Sabah,971
2010,30-34,Sarawak,702
2010,30-34,Selangor,1690
2010,30-34,Terengganu,399
2010,30-34,W.P. Kuala Lumpur,7775
2010,35-39,Johor,2075
2010,35-39,Kedah,1379
2010,35-39,Kelantan,416
2010,35-39,Malaysia,14398
2010,35-39,Melaka,803
2010,35-39,Negeri Sembilan,483
2010,35-39,Pahang,92
2010,35-39,Perak,1023
2010,35-39,Pulau Pinang,0
2010,35-39,Sabah,635
2010,35-39,Sarawak,674
2010,35-39,Selangor,1277
2010,35-39,Terengganu,255
2010,35-39,W.P. Kuala Lumpur,5286
2010,40-44,Johor,1630
2010,40-44,Kedah,1178
2010,40-44,Kelantan,321
2010,40-44,Malaysia,10754
2010,40-44,Melaka,652
2010,40-44,Negeri Sembilan,283
2010,40-44,Pahang,78
2010,40-44,Perak,821
2010,40-44,Pulau Pinang,0
2010,40-44,Sabah,480
2010,40-44,Sarawak,418
2010,40-44,Selangor,1122
2010,40-44,Terengganu,209
2010,40-44,W.P. Kuala Lumpur,3562
2010,45-49,Johor,1035
2010,45-49,Kedah,811
2010,45-49,Kelantan,232
2010,45-49,Malaysia,7308
2010,45-49,Melaka,481
2010,45-49,Negeri Sembilan,189
2010,45-49,Pahang,46
2010,45-49,Perak,631
2010,45-49,Pulau Pinang,0
2010,45-49,Sabah,369
2010,45-49,Sarawak,363
2010,45-49,Selangor,696
2010,45-49,Terengganu,143
2010,45-49,W.P. Kuala Lumpur,2312
2010,50-54,Johor,514
2010,50-54,Kedah,452
2010,50-54,Kelantan,128
2010,50-54,Malaysia,3869
2010,50-54,Melaka,282
2010,50-54,Negeri Sembilan,104
2010,50-54,Pahang,15
2010,50-54,Perak,319
2010,50-54,Pulau Pinang,0
2010,50-54,Sabah,191
2010,50-54,Sarawak,177
2010,50-54,Selangor,356
2010,50-54,Terengganu,66
2010,50-54,W.P. Kuala Lumpur,1265
2010,55-59,Johor,164
2010,55-59,Kedah,200
2010,55-59,Kelantan,48
2010,55-59,Malaysia,1447
2010,55-59,Melaka,131
2010,55-59,Negeri Sembilan,45
2010,55-59,Pahang,14
2010,55-59,Perak,119
2010,55-59,Pulau Pinang,0
2010,55-59,Sabah,80
2010,55-59,Sarawak,61
2010,55-59,Selangor,138
2010,55-59,Terengganu,18
2010,55-59,W.P. Kuala Lumpur,429
2010,60-64,Johor,18
2010,60-64,Kedah,16
2010,60-64,Kelantan,4
2010,60-64,Malaysia,155
2010,60-64,Melaka,16
2010,60-64,Negeri Sembilan,2
2010,60-64,Pahang,0
2010,60-64,Perak,6
2010,60-64,Pulau Pinang,0
2010,60-64,Sabah,13
2010,60-64,Sarawak,1
2010,60-64,Selangor,32
2010,60-64,Terengganu,1
2010,60-64,W.P. Kuala Lumpur,46
2011,17-24,Johor,4682
2011,17-24,Kedah,12906
2011,17-24,Kelantan,4108
2011,17-24,Malaysia,86886
2011,17-24,Melaka,6511
2011,17-24,Negeri Sembilan,3458
2011,17-24,Pahang,2266
2011,17-24,Perak,8847
2011,17-24,Pulau Pinang,0
2011,17-24,Sabah,4388
2011,17-24,Sarawak,2028
2011,17-24,Selangor,4988
2011,17-24,Terengganu,4986
2011,17-24,W.P. Kuala Lumpur,27718
2011,25-29,Johor,2618
2011,25-29,Kedah,2385
2011,25-29,Kelantan,541
2011,25-29,Malaysia,25733
2011,25-29,Melaka,1453
2011,25-29,Negeri Sembilan,811
2011,25-29,Pahang,598
2011,25-29,Perak,1558
2011,25-29,Pulau Pinang,0
2011,25-29,Sabah,1430
2011,25-29,Sarawak,720
2011,25-29,Selangor,1938
2011,25-29,Terengganu,601
2011,25-29,W.P. Kuala Lumpur,11080
2011,30-34,Johor,2057
2011,30-34,Kedah,1569
2011,30-34,Kelantan,313
2011,30-34,Malaysia,17511
2011,30-34,Melaka,968
2011,30-34,Negeri Sembilan,590
2011,30-34,Pahang,487
2011,30-34,Perak,1087
2011,30-34,Pulau Pinang,0
2011,30-34,Sabah,899
2011,30-34,Sarawak,523
2011,30-34,Selangor,1449
2011,30-34,Terengganu,326
2011,30-34,W.P. Kuala Lumpur,7243
2011,35-39,Johor,1670
2011,35-39,Kedah,1370
2011,35-39,Kelantan,294
2011,35-39,Malaysia,13168
2011,35-39,Melaka,669
2011,35-39,Negeri Sembilan,435
2011,35-39,Pahang,408
2011,35-39,Perak,892
2011,35-39,Pulau Pinang,0
2011,35-39,Sabah,563
2011,35-39,Sarawak,448
2011,35-39,Selangor,1228
2011,35-39,Terengganu,199
2011,35-39,W.P. Kuala Lumpur,4992
2011,40-44,Johor,1270
2011,40-44,Kedah,1120
2011,40-44,Kelantan,242
2011,40-44,Malaysia,9980
2011,40-44,Melaka,587
2011,40-44,Negeri Sembilan,325
2011,40-44,Pahang,352
2011,40-44,Perak,746
2011,40-44,Pulau Pinang,0
2011,40-44,Sabah,491
2011,40-44,Sarawak,358
2011,40-44,Selangor,969
2011,40-44,Terengganu,169
2011,40-44,W.P. Kuala Lumpur,3351
2011,45-49,Johor,895
2011,45-49,Kedah,780
2011,45-49,Kelantan,168
2011,45-49,Malaysia,6807
2011,45-49,Melaka,435
2011,45-49,Negeri Sembilan,189
2011,45-49,Pahang,340
2011,45-49,Perak,506
2011,45-49,Pulau Pinang,0
2011,45-49,Sabah,382
2011,45-49,Sarawak,249
2011,45-49,Selangor,633
2011,45-49,Terengganu,133
2011,45-49,W.P. Kuala Lumpur,2097
2011,50-54,Johor,455
2011,50-54,Kedah,517
2011,50-54,Kelantan,103
2011,50-54,Malaysia,3944
2011,50-54,Melaka,261
2011,50-54,Negeri Sembilan,95
2011,50-54,Pahang,224
2011,50-54,Perak,336
2011,50-54,Pulau Pinang,0
2011,50-54,Sabah,213
2011,50-54,Sarawak,119
2011,50-54,Selangor,362
2011,50-54,Terengganu,83
2011,50-54,W.P. Kuala Lumpur,1176
2011,55-59,Johor,156
2011,55-59,Kedah,182
2011,55-59,Kelantan,56
2011,55-59,Malaysia,1557
2011,55-59,Melaka,143
2011,55-59,Negeri Sembilan,50
2011,55-59,Pahang,105
2011,55-59,Perak,105
2011,55-59,Pulau Pinang,0
2011,55-59,Sabah,96
2011,55-59,Sarawak,62
2011,55-59,Selangor,136
2011,55-59,Terengganu,20
2011,55-59,W.P. Kuala Lumpur,446
2011,60-64,Johor,12
2011,60-64,Kedah,16
2011,60-64,Kelantan,4
2011,60-64,Malaysia,118
2011,60-64,Melaka,14
2011,60-64,Negeri Sembilan,2
2011,60-64,Pahang,9
2011,60-64,Perak,9
2011,60-64,Pulau Pinang,0
2011,60-64,Sabah,6
2011,60-64,Sarawak,2
2011,60-64,Selangor,10
2011,60-64,Terengganu,6
2011,60-64,W.P. Kuala Lumpur,28
2012,17-24,Johor,4681
2012,17-24,Kedah,11374
2012,17-24,Kelantan,2466
2012,17-24,Malaysia,80786
2012,17-24,Melaka,6156
2012,17-24,Negeri Sembilan,3122
2012,17-24,Pahang,3911
2012,17-24,Perak,8852
2012,17-24,Pulau Pinang,0
2012,17-24,Sabah,4206
2012,17-24,Sarawak,1714
2012,17-24,Selangor,3862
2012,17-24,Terengganu,4607
2012,17-24,W.P. Kuala Lumpur,25835
2012,25-29,Johor,2359
2012,25-29,Kedah,2268
2012,25-29,Kelantan,543
2012,25-29,Malaysia,23723
2012,25-29,Melaka,1213
2012,25-29,Negeri Sembilan,793
2012,25-29,Pahang,834
2012,25-29,Perak,1446
2012,25-29,Pulau Pinang,0
2012,25-29,Sabah,1567
2012,25-29,Sarawak,720
2012,25-29,Selangor,1670
2012,25-29,Terengganu,626
2012,25-29,W.P. Kuala Lumpur,9684
2012,30-34,Johor,1827
2012,30-34,Kedah,1738
2012,30-34,Kelantan,333
2012,30-34,Malaysia,17318
2012,30-34,Melaka,1002
2012,30-34,Negeri Sembilan,600
2012,30-34,Pahang,675
2012,30-34,Perak,1111
2012,30-34,Pulau Pinang,0
2012,30-34,Sabah,975
2012,30-34,Sarawak,576
2012,30-34,Selangor,1367
2012,30-34,Terengganu,335
2012,30-34,W.P. Kuala Lumpur,6779
2012,35-39,Johor,1423
2012,35-39,Kedah,1422
2012,35-39,Kelantan,263
2012,35-39,Malaysia,12632
2012,35-39,Melaka,750
2012,35-39,Negeri Sembilan,444
2012,35-39,Pahang,524
2012,35-39,Perak,872
2012,35-39,Pulau Pinang,0
2012,35-39,Sabah,684
2012,35-39,Sarawak,444
2012,35-39,Selangor,1063
2012,35-39,Terengganu,198
2012,35-39,W.P. Kuala Lumpur,4545
2012,40-44,Johor,1162
2012,40-44,Kedah,1190
2012,40-44,Kelantan,228
2012,40-44,Malaysia,9644
2012,40-44,Melaka,600
2012,40-44,Negeri Sembilan,314
2012,40-44,Pahang,490
2012,40-44,Perak,742
2012,40-44,Pulau Pinang,0
2012,40-44,Sabah,473
2012,40-44,Sarawak,376
2012,40-44,Selangor,813
2012,40-44,Terengganu,151
2012,40-44,W.P. Kuala Lumpur,3105
2012,45-49,Johor,712
2012,45-49,Kedah,791
2012,45-49,Kelantan,174
2012,45-49,Malaysia,6597
2012,45-49,Melaka,451
2012,45-49,Negeri Sembilan,211
2012,45-49,Pahang,379
2012,45-49,Perak,545
2012,45-49,Pulau Pinang,0
2012,45-49,Sabah,342
2012,45-49,Sarawak,236
2012,45-49,Selangor,550
2012,45-49,Terengganu,107
2012,45-49,W.P. Kuala Lumpur,2099
2012,50-54,Johor,458
2012,50-54,Kedah,504
2012,50-54,Kelantan,126
2012,50-54,Malaysia,4044
2012,50-54,Melaka,314
2012,50-54,Negeri Sembilan,109
2012,50-54,Pahang,268
2012,50-54,Perak,343
2012,50-54,Pulau Pinang,0
2012,50-54,Sabah,219
2012,50-54,Sarawak,162
2012,50-54,Selangor,318
2012,50-54,Terengganu,52
2012,50-54,W.P. Kuala Lumpur,1171
2012,55-59,Johor,178
2012,55-59,Kedah,197
2012,55-59,Kelantan,56
2012,55-59,Malaysia,1612
2012,55-59,Melaka,131
2012,55-59,Negeri Sembilan,50
2012,55-59,Pahang,120
2012,55-59,Perak,133
2012,55-59,Pulau Pinang,0
2012,55-59,Sabah,81
2012,55-59,Sarawak,63
2012,55-59,Selangor,115
2012,55-59,Terengganu,12
2012,55-59,W.P. Kuala Lumpur,476
2012,60-64,Johor,29
2012,60-64,Kedah,21
2012,60-64,Kelantan,4
2012,60-64,Malaysia,144
2012,60-64,Melaka,10
2012,60-64,Negeri Sembilan,6
2012,60-64,Pahang,6
2012,60-64,Perak,8
2012,60-64,Pulau Pinang,0
2012,60-64,Sabah,12
2012,60-64,Sarawak,4
2012,60-64,Selangor,13
2012,60-64,Terengganu,0
2012,60-64,W.P. Kuala Lumpur,31
2013,17-24,Johor,4604
2013,17-24,Kedah,11576
2013,17-24,Kelantan,3160
2013,17-24,Malaysia,80085
2013,17-24,Melaka,6768
2013,17-24,Negeri Sembilan,3857
2013,17-24,Pahang,3015
2013,17-24,Perak,9748
2013,17-24,Pulau Pinang,0
2013,17-24,Sabah,3916
2013,17-24,Sarawak,1946
2013,17-24,Selangor,3667
2013,17-24,Terengganu,4536
2013,17-24,W.P. Kuala Lumpur,23292
2013,25-29,Johor,2101
2013,25-29,Kedah,2237
2013,25-29,Kelantan,545
2013,25-29,Malaysia,23788
2013,25-29,Melaka,1366
2013,25-29,Negeri Sembilan,809
2013,25-29,Pahang,615
2013,25-29,Perak,2105
2013,25-29,Pulau Pinang,0
2013,25-29,Sabah,1477
2013,25-29,Sarawak,827
2013,25-29,Selangor,1393
2013,25-29,Terengganu,537
2013,25-29,W.P. Kuala Lumpur,9776
2013,30-34,Johor,1798
2013,30-34,Kedah,1808
2013,30-34,Kelantan,410
2013,30-34,Malaysia,17666
2013,30-34,Melaka,958
2013,30-34,Negeri Sembilan,591
2013,30-34,Pahang,511
2013,30-34,Perak,1514
2013,30-34,Pulau Pinang,0
2013,30-34,Sabah,1093
2013,30-34,Sarawak,607
2013,30-34,Selangor,1078
2013,30-34,Terengganu,303
2013,30-34,W.P. Kuala Lumpur,6995
2013,35-39,Johor,1384
2013,35-39,Kedah,1373
2013,35-39,Kelantan,300
2013,35-39,Malaysia,12968
2013,35-39,Melaka,700
2013,35-39,Negeri Sembilan,423
2013,35-39,Pahang,405
2013,35-39,Perak,1174
2013,35-39,Pulau Pinang,0
2013,35-39,Sabah,782
2013,35-39,Sarawak,556
2013,35-39,Selangor,858
2013,35-39,Terengganu,190
2013,35-39,W.P. Kuala Lumpur,4823
2013,40-44,Johor,1010
2013,40-44,Kedah,1016
2013,40-44,Kelantan,239
2013,40-44,Malaysia,9545
2013,40-44,Melaka,602
2013,40-44,Negeri Sembilan,284
2013,40-44,Pahang,330
2013,40-44,Perak,1115
2013,40-44,Pulau Pinang,0
2013,40-44,Sabah,552
2013,40-44,Sarawak,472
2013,40-44,Selangor,602
2013,40-44,Terengganu,151
2013,40-44,W.P. Kuala Lumpur,3172
2013,45-49,Johor,674
2013,45-49,Kedah,682
2013,45-49,Kelantan,177
2013,45-49,Malaysia,6507
2013,45-49,Melaka,390
2013,45-49,Negeri Sembilan,215
2013,45-49,Pahang,265
2013,45-49,Perak,780
2013,45-49,Pulau Pinang,0
2013,45-49,Sabah,401
2013,45-49,Sarawak,325
2013,45-49,Selangor,456
2013,45-49,Terengganu,103
2013,45-49,W.P. Kuala Lumpur,2039
2013,50-54,Johor,405
2013,50-54,Kedah,414
2013,50-54,Kelantan,90
2013,50-54,Malaysia,3990
2013,50-54,Melaka,259
2013,50-54,Negeri Sembilan,126
2013,50-54,Pahang,179
2013,50-54,Perak,541
2013,50-54,Pulau Pinang,0
2013,50-54,Sabah,270
2013,50-54,Sarawak,189
2013,50-54,Selangor,237
2013,50-54,Terengganu,49
2013,50-54,W.P. Kuala Lumpur,1231
2013,55-59,Johor,148
2013,55-59,Kedah,161
2013,55-59,Kelantan,36
2013,55-59,Malaysia,1623
2013,55-59,Melaka,111
2013,55-59,Negeri Sembilan,47
2013,55-59,Pahang,67
2013,55-59,Perak,224
2013,55-59,Pulau Pinang,0
2013,55-59,Sabah,111
2013,55-59,Sarawak,98
2013,55-59,Selangor,107
2013,55-59,Terengganu,15
2013,55-59,W.P. Kuala Lumpur,498
2013,60-64,Johor,10
2013,60-64,Kedah,21
2013,60-64,Kelantan,2
2013,60-64,Malaysia,134
2013,60-64,Melaka,9
2013,60-64,Negeri Sembilan,4
2013,60-64,Pahang,6
2013,60-64,Perak,31
2013,60-64,Pulau Pinang,0
2013,60-64,Sabah,14
2013,60-64,Sarawak,6
2013,60-64,Selangor,4
2013,60-64,Terengganu,0
2013,60-64,W.P. Kuala Lumpur,27
2014,17-24,Johor,4943
2014,17-24,Kedah,11804
2014,17-24,Kelantan,2991
2014,17-24,Malaysia,87484
2014,17-24,Melaka,6309
2014,17-24,Negeri Sembilan,2767
2014,17-24,Pahang,3510
2014,17-24,Perak,8913
2014,17-24,Pulau Pinang,4780
2014,17-24,Sabah,3442
2014,17-24,Sarawak,3298
2014,17-24,Selangor,3987
2014,17-24,Terengganu,4769
2014,17-24,W.P. Kuala Lumpur,25971
2014,25-29,Johor,2161
2014,25-29,Kedah,2318
2014,25-29,Kelantan,588
2014,25-29,Malaysia,26013
2014,25-29,Melaka,1115
2014,25-29,Negeri Sembilan,608
2014,25-29,Pahang,508
2014,25-29,Perak,1748
2014,25-29,Pulau Pinang,2713
2014,25-29,Sabah,1468
2014,25-29,Sarawak,1740
2014,25-29,Selangor,1357
2014,25-29,Terengganu,488
2014,25-29,W.P. Kuala Lumpur,9201
2014,30-34,Johor,1814
2014,30-34,Kedah,1752
2014,30-34,Kelantan,420
2014,30-34,Malaysia,21172
2014,30-34,Melaka,846
2014,30-34,Negeri Sembilan,594
2014,30-34,Pahang,474
2014,30-34,Perak,1488
2014,30-34,Pulau Pinang,3015
2014,30-34,Sabah,1078
2014,30-34,Sarawak,1272
2014,30-34,Selangor,1104
2014,30-34,Terengganu,321
2014,30-34,W.P. Kuala Lumpur,6994
2014,35-39,Johor,1448
2014,35-39,Kedah,1255
2014,35-39,Kelantan,309
2014,35-39,Malaysia,16370
2014,35-39,Melaka,706
2014,35-39,Negeri Sembilan,405
2014,35-39,Pahang,309
2014,35-39,Perak,1112
2014,35-39,Pulau Pinang,2728
2014,35-39,Sabah,834
2014,35-39,Sarawak,1214
2014,35-39,Selangor,852
2014,35-39,Terengganu,163
2014,35-39,W.P. Kuala Lumpur,5035
2014,40-44,Johor,1117
2014,40-44,Kedah,990
2014,40-44,Kelantan,277
2014,40-44,Malaysia,12096
2014,40-44,Melaka,530
2014,40-44,Negeri Sembilan,324
2014,40-44,Pahang,235
2014,40-44,Perak,842
2014,40-44,Pulau Pinang,2242
2014,40-44,Sabah,576
2014,40-44,Sarawak,989
2014,40-44,Selangor,673
2014,40-44,Terengganu,119
2014,40-44,W.P. Kuala Lumpur,3182
2014,45-49,Johor,681
2014,45-49,Kedah,660
2014,45-49,Kelantan,168
2014,45-49,Malaysia,8306
2014,45-49,Melaka,381
2014,45-49,Negeri Sembilan,235
2014,45-49,Pahang,169
2014,45-49,Perak,555
2014,45-49,Pulau Pinang,1691
2014,45-49,Sabah,373
2014,45-49,Sarawak,774
2014,45-49,Selangor,450
2014,45-49,Terengganu,79
2014,45-49,W.P. Kuala Lumpur,2090
2014,50-54,Johor,432
2014,50-54,Kedah,442
2014,50-54,Kelantan,113
2014,50-54,Malaysia,5070
2014,50-54,Melaka,244
2014,50-54,Negeri Sembilan,149
2014,50-54,Pahang,138
2014,50-54,Perak,398
2014,50-54,Pulau Pinang,827
2014,50-54,Sabah,285
2014,50-54,Sarawak,543
2014,50-54,Selangor,208
2014,50-54,Terengganu,48
2014,50-54,W.P. Kuala Lumpur,1243
2014,55-59,Johor,202
2014,55-59,Kedah,172
2014,55-59,Kelantan,36
2014,55-59,Malaysia,2143
2014,55-59,Melaka,125
2014,55-59,Negeri Sembilan,67
2014,55-59,Pahang,74
2014,55-59,Perak,163
2014,55-59,Pulau Pinang,306
2014,55-59,Sabah,111
2014,55-59,Sarawak,258
2014,55-59,Selangor,110
2014,55-59,Terengganu,16
2014,55-59,W.P. Kuala Lumpur,503
2014,60-64,Johor,28
2014,60-64,Kedah,14
2014,60-64,Kelantan,8
2014,60-64,Malaysia,220
2014,60-64,Melaka,11
2014,60-64,Negeri Sembilan,6
2014,60-64,Pahang,2
2014,60-64,Perak,13
2014,60-64,Pulau Pinang,66
2014,60-64,Sabah,13
2014,60-64,Sarawak,25
2014,60-64,Selangor,6
2014,60-64,Terengganu,1
2014,60-64,W.P. Kuala Lumpur,27
2015,17-24,Johor,5113
2015,17-24,Kedah,11522
2015,17-24,Kelantan,5352
2015,17-24,Malaysia,89414
2015,17-24,Melaka,5811
2015,17-24,Negeri Sembilan,3418
2015,17-24,Pahang,3168
2015,17-24,Perak,8821
2015,17-24,Pulau Pinang,6194
2015,17-24,Sabah,3518
2015,17-24,Sarawak,4274
2015,17-24,Selangor,3693
2015,17-24,Terengganu,4529
2015,17-24,W.P. Kuala Lumpur,24001
2015,25-29,Johor,2107
2015,25-29,Kedah,2323
2015,25-29,Kelantan,852
2015,25-29,Malaysia,26713
2015,25-29,Melaka,1275
2015,25-29,Negeri Sembilan,754
2015,25-29,Pahang,494
2015,25-29,Perak,1661
2015,25-29,Pulau Pinang,2684
2015,25-29,Sabah,1477
2015,25-29,Sarawak,1837
2015,25-29,Selangor,1355
2015,25-29,Terengganu,596
2015,25-29,W.P. Kuala Lumpur,9298
2015,30-34,Johor,1872
2015,30-34,Kedah,1830
2015,30-34,Kelantan,653
2015,30-34,Malaysia,22121
2015,30-34,Melaka,1036
2015,30-34,Negeri Sembilan,647
2015,30-34,Pahang,468
2015,30-34,Perak,1419
2015,30-34,Pulau Pinang,2688
2015,30-34,Sabah,1148
2015,30-34,Sarawak,1598
2015,30-34,Selangor,1112
2015,30-34,Terengganu,394
2015,30-34,W.P. Kuala Lumpur,7256
2015,35-39,Johor,1445
2015,35-39,Kedah,1373
2015,35-39,Kelantan,475
2015,35-39,Malaysia,16796
2015,35-39,Melaka,749
2015,35-39,Negeri Sembilan,486
2015,35-39,Pahang,292
2015,35-39,Perak,1090
2015,35-39,Pulau Pinang,2360
2015,35-39,Sabah,830
2015,35-39,Sarawak,1356
2015,35-39,Selangor,907
2015,35-39,Terengganu,254
2015,35-39,W.P. Kuala Lumpur,5179
2015,40-44,Johor,1018
2015,40-44,Kedah,1049
2015,40-44,Kelantan,410
2015,40-44,Malaysia,12060
2015,40-44,Melaka,582
2015,40-44,Negeri Sembilan,380
2015,40-44,Pahang,243
2015,40-44,Perak,809
2015,40-44,Pulau Pinang,1759
2015,40-44,Sabah,553
2015,40-44,Sarawak,1100
2015,40-44,Selangor,602
2015,40-44,Terengganu,188
2015,40-44,W.P. Kuala Lumpur,3367
2015,45-49,Johor,678
2015,45-49,Kedah,708
2015,45-49,Kelantan,294
2015,45-49,Malaysia,8450
2015,45-49,Melaka,440
2015,45-49,Negeri Sembilan,313
2015,45-49,Pahang,218
2015,45-49,Perak,526
2015,45-49,Pulau Pinang,1218
2015,45-49,Sabah,410
2015,45-49,Sarawak,900
2015,45-49,Selangor,458
2015,45-49,Terengganu,134
2015,45-49,W.P. Kuala Lumpur,2153
2015,50-54,Johor,402
2015,50-54,Kedah,508
2015,50-54,Kelantan,152
2015,50-54,Malaysia,5020
2015,50-54,Melaka,276
2015,50-54,Negeri Sembilan,215
2015,50-54,Pahang,180
2015,50-54,Perak,390
2015,50-54,Pulau Pinang,403
2015,50-54,Sabah,240
2015,50-54,Sarawak,611
2015,50-54,Selangor,245
2015,50-54,Terengganu,100
2015,50-54,W.P. Kuala Lumpur,1298
2015,55-59,Johor,175
2015,55-59,Kedah,217
2015,55-59,Kelantan,96
2015,55-59,Malaysia,2222
2015,55-59,Melaka,147
2015,55-59,Negeri Sembilan,92
2015,55-59,Pahang,67
2015,55-59,Perak,174
2015,55-59,Pulau Pinang,96
2015,55-59,Sabah,112
2015,55-59,Sarawak,299
2015,55-59,Selangor,110
2015,55-59,Terengganu,53
2015,55-59,W.P. Kuala Lumpur,584
2015,60-64,Johor,31
2015,60-64,Kedah,16
2015,60-64,Kelantan,8
2015,60-64,Malaysia,221
2015,60-64,Melaka,13
2015,60-64,Negeri Sembilan,19
2015,60-64,Pahang,14
2015,60-64,Perak,22
2015,60-64,Pulau Pinang,7
2015,60-64,Sabah,13
2015,60-64,Sarawak,24
2015,60-64,Selangor,5
2015,60-64,Terengganu,2
2015,60-64,W.P. Kuala Lumpur,47
2016,17-24,Johor,4305
2016,17-24,Kedah,9803
2016,17-24,Kelantan,4267
2016,17-24,Malaysia,83291
2016,17-24,Melaka,5712
2016,17-24,Negeri Sembilan,2845
2016,17-24,Pahang,2501
2016,17-24,Perak,8522
2016,17-24,Pulau Pinang,5280
2016,17-24,Sabah,4062
2016,17-24,Sarawak,3503
2016,17-24,Selangor,3654
2016,17-24,Terengganu,4521
2016,17-24,W.P. Kuala Lumpur,24316
2016,25-29,Johor,1584
2016,25-29,Kedah,2212
2016,25-29,Kelantan,753
2016,25-29,Malaysia,24510
2016,25-29,Melaka,1149
2016,25-29,Negeri Sembilan,794
2016,25-29,Pahang,412
2016,25-29,Perak,1687
2016,25-29,Pulau Pinang,2251
2016,25-29,Sabah,1840
2016,25-29,Sarawak,1529
2016,25-29,Selangor,1282
2016,25-29,Terengganu,480
2016,25-29,W.P. Kuala Lumpur,8537
2016,30-34,Johor,1456
2016,30-34,Kedah,1734
2016,30-34,Kelantan,572
2016,30-34,Malaysia,20390
2016,30-34,Melaka,942
2016,30-34,Negeri Sembilan,694
2016,30-34,Pahang,382
2016,30-34,Perak,1526
2016,30-34,Pulau Pinang,2189
2016,30-34,Sabah,1636
2016,30-34,Sarawak,1204
2016,30-34,Selangor,1099
2016,30-34,Terengganu,379
2016,30-34,W.P. Kuala Lumpur,6577
2016,35-39,Johor,1092
2016,35-39,Kedah,1288
2016,35-39,Kelantan,448
2016,35-39,Malaysia,15648
2016,35-39,Melaka,678
2016,35-39,Negeri Sembilan,533
2016,35-39,Pahang,321
2016,35-39,Perak,1049
2016,35-39,Pulau Pinang,1879
2016,35-39,Sabah,1410
2016,35-39,Sarawak,965
2016,35-39,Selangor,895
2016,35-39,Terengganu,281
2016,35-39,W.P. Kuala Lumpur,4809
2016,40-44,Johor,854
2016,40-44,Kedah,998
2016,40-44,Kelantan,375
2016,40-44,Malaysia,11191
2016,40-44,Melaka,506
2016,40-44,Negeri Sembilan,435
2016,40-44,Pahang,224
2016,40-44,Perak,789
2016,40-44,Pulau Pinang,1309
2016,40-44,Sabah,1058
2016,40-44,Sarawak,691
2016,40-44,Selangor,603
2016,40-44,Terengganu,174
2016,40-44,W.P. Kuala Lumpur,3175
2016,45-49,Johor,558
2016,45-49,Kedah,652
2016,45-49,Kelantan,258
2016,45-49,Malaysia,7541
2016,45-49,Melaka,383
2016,45-49,Negeri Sembilan,273
2016,45-49,Pahang,167
2016,45-49,Perak,607
2016,45-49,Pulau Pinang,891
2016,45-49,Sabah,735
2016,45-49,Sarawak,506
2016,45-49,Selangor,414
2016,45-49,Terengganu,137
2016,45-49,W.P. Kuala Lumpur,1960
2016,50-54,Johor,350
2016,50-54,Kedah,444
2016,50-54,Kelantan,176
2016,50-54,Malaysia,4686
2016,50-54,Melaka,261
2016,50-54,Negeri Sembilan,244
2016,50-54,Pahang,128
2016,50-54,Perak,392
2016,50-54,Pulau Pinang,386
2016,50-54,Sabah,545
2016,50-54,Sarawak,329
2016,50-54,Selangor,223
2016,50-54,Terengganu,69
2016,50-54,W.P. Kuala Lumpur,1139
2016,55-59,Johor,153
2016,55-59,Kedah,209
2016,55-59,Kelantan,87
2016,55-59,Malaysia,2202
2016,55-59,Melaka,133
2016,55-59,Negeri Sembilan,100
2016,55-59,Pahang,53
2016,55-59,Perak,186
2016,55-59,Pulau Pinang,134
2016,55-59,Sabah,293
2016,55-59,Sarawak,169
2016,55-59,Selangor,108
2016,55-59,Terengganu,43
2016,55-59,W.P. Kuala Lumpur,534
2016,60-64,Johor,26
2016,60-64,Kedah,23
2016,60-64,Kelantan,11
2016,60-64,Malaysia,209
2016,60-64,Melaka,18
2016,60-64,Negeri Sembilan,15
2016,60-64,Pahang,2
2016,60-64,Perak,17
2016,60-64,Pulau Pinang,7
2016,60-64,Sabah,24
2016,60-64,Sarawak,17
2016,60-64,Selangor,10
2016,60-64,Terengganu,3
2016,60-64,W.P. Kuala Lumpur,36
2017,17-24,Johor,4933
2017,17-24,Kedah,10007
2017,17-24,Kelantan,2
2017,17-24,Malaysia,75822
2017,17-24,Melaka,5334
2017,17-24,Negeri Sembilan,2459
2017,17-24,Pahang,2021
2017,17-24,Perak,7998
2017,17-24,Pulau Pinang,5136
2017,17-24,Sabah,4642
2017,17-24,Sarawak,3337
2017,17-24,Selangor,3621
2017,17-24,Terengganu,3853
2017,17-24,W.P. Kuala Lumpur,22479
2017,25-29,Johor,1870
2017,25-29,Kedah,2086
2017,25-29,Kelantan,1
2017,25-29,Malaysia,22659
2017,25-29,Melaka,1150
2017,25-29,Negeri Sembilan,713
2017,25-29,Pahang,347
2017,25-29,Perak,1503
2017,25-29,Pulau Pinang,1853
2017,25-29,Sabah,2012
2017,25-29,Sarawak,1370
2017,25-29,Selangor,1308
2017,25-29,Terengganu,579
2017,25-29,W.P. Kuala Lumpur,7867
2017,30-34,Johor,1504
2017,30-34,Kedah,1700
2017,30-34,Kelantan,2
2017,30-34,Malaysia,18556
2017,30-34,Melaka,884
2017,30-34,Negeri Sembilan,569
2017,30-34,Pahang,345
2017,30-34,Perak,1302
2017,30-34,Pulau Pinang,1569
2017,30-34,Sabah,1725
2017,30-34,Sarawak,1038
2017,30-34,Selangor,1091
2017,30-34,Terengganu,424
2017,30-34,W.P. Kuala Lumpur,6403
2017,35-39,Johor,1266
2017,35-39,Kedah,1362
2017,35-39,Kelantan,1
2017,35-39,Malaysia,15262
2017,35-39,Melaka,730
2017,35-39,Negeri Sembilan,553
2017,35-39,Pahang,280
2017,35-39,Perak,1104
2017,35-39,Pulau Pinang,1415
2017,35-39,Sabah,1392
2017,35-39,Sarawak,884
2017,35-39,Selangor,947
2017,35-39,Terengganu,335
2017,35-39,W.P. Kuala Lumpur,4993
2017,40-44,Johor,931
2017,40-44,Kedah,942
2017,40-44,Kelantan,0
2017,40-44,Malaysia,10617
2017,40-44,Melaka,522
2017,40-44,Negeri Sembilan,429
2017,40-44,Pahang,198
2017,40-44,Perak,787
2017,40-44,Pulau Pinang,1037
2017,40-44,Sabah,985
2017,40-44,Sarawak,686
2017,40-44,Selangor,592
2017,40-44,Terengganu,210
2017,40-44,W.P. Kuala Lumpur,3298
2017,45-49,Johor,638
2017,45-49,Kedah,619
2017,45-49,Kelantan,1
2017,45-49,Malaysia,7150
2017,45-49,Melaka,370
2017,45-49,Negeri Sembilan,303
2017,45-49,Pahang,162
2017,45-49,Perak,612
2017,45-49,Pulau Pinang,695
2017,45-49,Sabah,704
2017,45-49,Sarawak,483
2017,45-49,Selangor,403
2017,45-49,Terengganu,175
2017,45-49,W.P. Kuala Lumpur,1985
2017,50-54,Johor,401
2017,50-54,Kedah,415
2017,50-54,Kelantan,0
2017,50-54,Malaysia,4409
2017,50-54,Melaka,262
2017,50-54,Negeri Sembilan,205
2017,50-54,Pahang,111
2017,50-54,Perak,390
2017,50-54,Pulau Pinang,288
2017,50-54,Sabah,494
2017,50-54,Sarawak,307
2017,50-54,Selangor,236
2017,50-54,Terengganu,109
2017,50-54,W.P. Kuala Lumpur,1191
2017,55-59,Johor,211
2017,55-59,Kedah,210
2017,55-59,Kelantan,0
2017,55-59,Malaysia,2165
2017,55-59,Melaka,122
2017,55-59,Negeri Sembilan,116
2017,55-59,Pahang,46
2017,55-59,Perak,204
2017,55-59,Pulau Pinang,97
2017,55-59,Sabah,266
2017,55-59,Sarawak,160
2017,55-59,Selangor,103
2017,55-59,Terengganu,63
2017,55-59,W.P. Kuala Lumpur,567
2017,60-64,Johor,28
2017,60-64,Kedah,14
2017,60-64,Kelantan,0
2017,60-64,Malaysia,190
2017,60-64,Melaka,11
2017,60-64,Negeri Sembilan,15
2017,60-64,Pahang,6
2017,60-64,Perak,18
2017,60-64,Pulau Pinang,4
2017,60-64,Sabah,22
2017,60-64,Sarawak,18
2017,60-64,Selangor,7
2017,60-64,Terengganu,3
2017,60-64,W.P. Kuala Lumpur,44
2018,17-24,Johor,4437
2018,17-24,Kedah,9472
2018,17-24,Kelantan,4605
2018,17-24,Malaysia,77359
2018,17-24,Melaka,4652
2018,17-24,Negeri Sembilan,2494
2018,17-24,Pahang,1089
2018,17-24,Perak,7617
2018,17-24,Pulau Pinang,4694
2018,17-24,Sabah,3928
2018,17-24,Sarawak,3312
2018,17-24,Selangor,3456
2018,17-24,Terengganu,4483
2018,17-24,W.P. Kuala Lumpur,23120
2018,25-29,Johor,1889
2018,25-29,Kedah,1917
2018,25-29,Kelantan,678
2018,25-29,Malaysia,23202
2018,25-29,Melaka,1121
2018,25-29,Negeri Sembilan,596
2018,25-29,Pahang,316
2018,25-29,Perak,1500
2018,25-29,Pulau Pinang,1732
2018,25-29,Sabah,1785
2018,25-29,Sarawak,1398
2018,25-29,Selangor,1233
2018,25-29,Terengganu,618
2018,25-29,W.P. Kuala Lumpur,8419
2018,30-34,Johor,1643
2018,30-34,Kedah,1793
2018,30-34,Kelantan,566
2018,30-34,Malaysia,19367
2018,30-34,Melaka,843
2018,30-34,Negeri Sembilan,484
2018,30-34,Pahang,246
2018,30-34,Perak,1431
2018,30-34,Pulau Pinang,1580
2018,30-34,Sabah,1585
2018,30-34,Sarawak,1089
2018,30-34,Selangor,1034
2018,30-34,Terengganu,450
2018,30-34,W.P. Kuala Lumpur,6623
2018,35-39,Johor,1403
2018,35-39,Kedah,1451
2018,35-39,Kelantan,490
2018,35-39,Malaysia,16714
2018,35-39,Melaka,798
2018,35-39,Negeri Sembilan,459
2018,35-39,Pahang,231
2018,35-39,Perak,1279
2018,35-39,Pulau Pinang,1463
2018,35-39,Sabah,1357
2018,35-39,Sarawak,899
2018,35-39,Selangor,925
2018,35-39,Terengganu,401
2018,35-39,W.P. Kuala Lumpur,5558
2018,40-44,Johor,1051
2018,40-44,Kedah,973
2018,40-44,Kelantan,349
2018,40-44,Malaysia,11515
2018,40-44,Melaka,511
2018,40-44,Negeri Sembilan,333
2018,40-44,Pahang,177
2018,40-44,Perak,882
2018,40-44,Pulau Pinang,1035
2018,40-44,Sabah,964
2018,40-44,Sarawak,696
2018,40-44,Selangor,607
2018,40-44,Terengganu,279
2018,40-44,W.P. Kuala Lumpur,3658
2018,45-49,Johor,712
2018,45-49,Kedah,676
2018,45-49,Kelantan,240
2018,45-49,Malaysia,7868
2018,45-49,Melaka,356
2018,45-49,Negeri Sembilan,242
2018,45-49,Pahang,132
2018,45-49,Perak,628
2018,45-49,Pulau Pinang,700
2018,45-49,Sabah,677
2018,45-49,Sarawak,561
2018,45-49,Selangor,456
2018,45-49,Terengganu,188
2018,45-49,W.P. Kuala Lumpur,2300
2018,50-54,Johor,443
2018,50-54,Kedah,437
2018,50-54,Kelantan,176
2018,50-54,Malaysia,4664
2018,50-54,Melaka,230
2018,50-54,Negeri Sembilan,153
2018,50-54,Pahang,103
2018,50-54,Perak,425
2018,50-54,Pulau Pinang,285
2018,50-54,Sabah,433
2018,50-54,Sarawak,320
2018,50-54,Selangor,231
2018,50-54,Terengganu,121
2018,50-54,W.P. Kuala Lumpur,1307
2018,55-59,Johor,217
2018,55-59,Kedah,209
2018,55-59,Kelantan,78
2018,55-59,Malaysia,2284
2018,55-59,Melaka,124
2018,55-59,Negeri Sembilan,78
2018,55-59,Pahang,41
2018,55-59,Perak,203
2018,55-59,Pulau Pinang,100
2018,55-59,Sabah,246
2018,55-59,Sarawak,161
2018,55-59,Selangor,87
2018,55-59,Terengganu,51
2018,55-59,W.P. Kuala Lumpur,689
2018,60-64,Johor,29
2018,60-64,Kedah,22
2018,60-64,Kelantan,7
2018,60-64,Malaysia,211
2018,60-64,Melaka,9
2018,60-64,Negeri Sembilan,10
2018,60-64,Pahang,7
2018,60-64,Perak,17
2018,60-64,Pulau Pinang,7
2018,60-64,Sabah,18
2018,60-64,Sarawak,20
2018,60-64,Selangor,4
2018,60-64,Terengganu,8
2018,60-64,W.P. Kuala Lumpur,53
2019,17-24,Johor,4904
2019,17-24,Kedah,6195
2019,17-24,Kelantan,2472
2019,17-24,Malaysia,71230
2019,17-24,Melaka,4223
2019,17-24,Negeri Sembilan,2354
2019,17-24,Pahang,2874
2019,17-24,Perak,6290
2019,17-24,Pulau Pinang,3991
2019,17-24,Sabah,3431
2019,17-24,Sarawak,3049
2019,17-24,Selangor,3104
2019,17-24,Terengganu,3681
2019,17-24,W.P. Kuala Lumpur,24662
2019,25-29,Johor,2100
2019,25-29,Kedah,1251
2019,25-29,Kelantan,464
2019,25-29,Malaysia,23107
2019,25-29,Melaka,1106
2019,25-29,Negeri Sembilan,695
2019,25-29,Pahang,891
2019,25-29,Perak,1287
2019,25-29,Pulau Pinang,1698
2019,25-29,Sabah,2013
2019,25-29,Sarawak,1257
2019,25-29,Selangor,1294
2019,25-29,Terengganu,565
2019,25-29,W.P. Kuala Lumpur,8486
2019,30-34,Johor,1747
2019,30-34,Kedah,1069
2019,30-34,Kelantan,420
2019,30-34,Malaysia,18575
2019,30-34,Melaka,878
2019,30-34,Negeri Sembilan,600
2019,30-34,Pahang,874
2019,30-34,Perak,1172
2019,30-34,Pulau Pinang,1432
2019,30-34,Sabah,1669
2019,30-34,Sarawak,1122
2019,30-34,Selangor,1046
2019,30-34,Terengganu,415
2019,30-34,W.P. Kuala Lumpur,6131
2019,35-39,Johor,1671
2019,35-39,Kedah,958
2019,35-39,Kelantan,396
2019,35-39,Malaysia,17155
2019,35-39,Melaka,819
2019,35-39,Negeri Sembilan,502
2019,35-39,Pahang,869
2019,35-39,Perak,1086
2019,35-39,Pulau Pinang,1350
2019,35-39,Sabah,1733
2019,35-39,Sarawak,1000
2019,35-39,Selangor,921
2019,35-39,Terengganu,405
2019,35-39,W.P. Kuala Lumpur,5445
2019,40-44,Johor,1211
2019,40-44,Kedah,692
2019,40-44,Kelantan,318
2019,40-44,Malaysia,11773
2019,40-44,Melaka,496
2019,40-44,Negeri Sembilan,389
2019,40-44,Pahang,551
2019,40-44,Perak,756
2019,40-44,Pulau Pinang,1022
2019,40-44,Sabah,1176
2019,40-44,Sarawak,732
2019,40-44,Selangor,652
2019,40-44,Terengganu,222
2019,40-44,W.P. Kuala Lumpur,3556
2019,45-49,Johor,842
2019,45-49,Kedah,468
2019,45-49,Kelantan,203
2019,45-49,Malaysia,7987
2019,45-49,Melaka,327
2019,45-49,Negeri Sembilan,249
2019,45-49,Pahang,433
2019,45-49,Perak,521
2019,45-49,Pulau Pinang,693
2019,45-49,Sabah,876
2019,45-49,Sarawak,517
2019,45-49,Selangor,413
2019,45-49,Terengganu,173
2019,45-49,W.P. Kuala Lumpur,2272
2019,50-54,Johor,537
2019,50-54,Kedah,280
2019,50-54,Kelantan,137
2019,50-54,Malaysia,5008
2019,50-54,Melaka,204
2019,50-54,Negeri Sembilan,174
2019,50-54,Pahang,315
2019,50-54,Perak,347
2019,50-54,Pulau Pinang,355
2019,50-54,Sabah,749
2019,50-54,Sarawak,314
2019,50-54,Selangor,243
2019,50-54,Terengganu,101
2019,50-54,W.P. Kuala Lumpur,1252
2019,55-59,Johor,278
2019,55-59,Kedah,151
2019,55-59,Kelantan,67
2019,55-59,Malaysia,2605
2019,55-59,Melaka,127
2019,55-59,Negeri Sembilan,94
2019,55-59,Pahang,189
2019,55-59,Perak,188
2019,55-59,Pulau Pinang,166
2019,55-59,Sabah,365
2019,55-59,Sarawak,179
2019,55-59,Selangor,103
2019,55-59,Terengganu,52
2019,55-59,W.P. Kuala Lumpur,646
2019,60-64,Johor,39
2019,60-64,Kedah,9
2019,60-64,Kelantan,6
2019,60-64,Malaysia,231
2019,60-64,Melaka,12
2019,60-64,Negeri Sembilan,6
2019,60-64,Pahang,22
2019,60-64,Perak,8
2019,60-64,Pulau Pinang,4
2019,60-64,Sabah,48
2019,60-64,Sarawak,11
2019,60-64,Selangor,6
2019,60-64,Terengganu,9
2019,60-64,W.P. Kuala Lumpur,51
2020,17-24,Johor,3884
2020,17-24,Kedah,2139
2020,17-24,Kelantan,1720
2020,17-24,Malaysia,41133
2020,17-24,Melaka,2702
2020,17-24,Negeri Sembilan,1477
2020,17-24,Pahang,2554
2020,17-24,Perak,3463
2020,17-24,Pulau Pinang,2250
2020,17-24,Sabah,2605
2020,17-24,Sarawak,1994
2020,17-24,Selangor,2336
2020,17-24,Terengganu,1989
2020,17-24,W.P. Kuala Lumpur,12020
2020,25-29,Johor,2037
2020,25-29,Kedah,693
2020,25-29,Kelantan,665
2020,25-29,Malaysia,20647
2020,25-29,Melaka,1135
2020,25-29,Negeri Sembilan,691
2020,25-29,Pahang,1051
2020,25-29,Perak,1436
2020,25-29,Pulau Pinang,1274
2020,25-29,Sabah,1597
2020,25-29,Sarawak,1222
2020,25-29,Selangor,1218
2020,25-29,Terengganu,732
2020,25-29,W.P. Kuala Lumpur,6896
2020,30-34,Johor,1695
2020,30-34,Kedah,580
2020,30-34,Kelantan,521
2020,30-34,Malaysia,16164
2020,30-34,Melaka,720
2020,30-34,Negeri Sembilan,547
2020,30-34,Pahang,841
2020,30-34,Perak,1198
2020,30-34,Pulau Pinang,1063
2020,30-34,Sabah,1567
2020,30-34,Sarawak,1016
2020,30-34,Selangor,919
2020,30-34,Terengganu,499
2020,30-34,W.P. Kuala Lumpur,4998
2020,35-39,Johor,1504
2020,35-39,Kedah,498
2020,35-39,Kelantan,437
2020,35-39,Malaysia,14468
2020,35-39,Melaka,724
2020,35-39,Negeri Sembilan,519
2020,35-39,Pahang,807
2020,35-39,Perak,1084
2020,35-39,Pulau Pinang,1059
2020,35-39,Sabah,1437
2020,35-39,Sarawak,894
2020,35-39,Selangor,765
2020,35-39,Terengganu,509
2020,35-39,W.P. Kuala Lumpur,4231
2020,40-44,Johor,1121
2020,40-44,Kedah,298
2020,40-44,Kelantan,279
2020,40-44,Malaysia,9821
2020,40-44,Melaka,485
2020,40-44,Negeri Sembilan,344
2020,40-44,Pahang,543
2020,40-44,Perak,667
2020,40-44,Pulau Pinang,771
2020,40-44,Sabah,1012
2020,40-44,Sarawak,650
2020,40-44,Selangor,509
2020,40-44,Terengganu,350
2020,40-44,W.P. Kuala Lumpur,2792
2020,45-49,Johor,759
2020,45-49,Kedah,199
2020,45-49,Kelantan,176
2020,45-49,Malaysia,6508
2020,45-49,Melaka,267
2020,45-49,Negeri Sembilan,229
2020,45-49,Pahang,350
2020,45-49,Perak,426
2020,45-49,Pulau Pinang,516
2020,45-49,Sabah,706
2020,45-49,Sarawak,440
2020,45-49,Selangor,349
2020,45-49,Terengganu,218
2020,45-49,W.P. Kuala Lumpur,1873
2020,50-54,Johor,514
2020,50-54,Kedah,129
2020,50-54,Kelantan,121
2020,50-54,Malaysia,4475
2020,50-54,Melaka,176
2020,50-54,Negeri Sembilan,146
2020,50-54,Pahang,231
2020,50-54,Perak,386
2020,50-54,Pulau Pinang,315
2020,50-54,Sabah,790
2020,50-54,Sarawak,274
2020,50-54,Selangor,217
2020,50-54,Terengganu,93
2020,50-54,W.P. Kuala Lumpur,1083
2020,55-59,Johor,276
2020,55-59,Kedah,102
2020,55-59,Kelantan,71
2020,55-59,Malaysia,2202
2020,55-59,Melaka,108
2020,55-59,Negeri Sembilan,83
2020,55-59,Pahang,127
2020,55-59,Perak,185
2020,55-59,Pulau Pinang,153
2020,55-59,Sabah,231
2020,55-59,Sarawak,169
2020,55-59,Selangor,76
2020,55-59,Terengganu,72
2020,55-59,W.P. Kuala Lumpur,549
2020,60-64,Johor,25
2020,60-64,Kedah,4
2020,60-64,Kelantan,6
2020,60-64,Malaysia,166
2020,60-64,Melaka,8
2020,60-64,Negeri Sembilan,2
2020,60-64,Pahang,8
2020,60-64,Perak,10
2020,60-64,Pulau Pinang,12
2020,60-64,Sabah,21
2020,60-64,Sarawak,14
2020,60-64,Selangor,4
2020,60-64,Terengganu,4
2020,60-64,W.P. Kuala Lumpur,48
2021,17-24,Johor,2609
2021,17-24,Kedah,1950
2021,17-24,Kelantan,1209
2021,17-24,Malaysia,32110
2021,17-24,Melaka,2038
2021,17-24,Negeri Sembilan,882
2021,17-24,Pahang,1713
2021,17-24,Perak,2914
2021,17-24,Pulau Pinang,1794
2021,17-24,Sabah,1742
2021,17-24,Sarawak,1977
2021,17-24,Selangor,1283
2021,17-24,Terengganu,1711
2021,17-24,W.P. Kuala Lumpur,10288
2021,25-29,Johor,1788
2021,25-29,Kedah,600
2021,25-29,Kelantan,467
2021,25-29,Malaysia,17952
2021,25-29,Melaka,937
2021,25-29,Negeri Sembilan,578
2021,25-29,Pahang,780
2021,25-29,Perak,1381
2021,25-29,Pulau Pinang,1103
2021,25-29,Sabah,1294
2021,25-29,Sarawak,1177
2021,25-29,Selangor,844
2021,25-29,Terengganu,564
2021,25-29,W.P. Kuala Lumpur,6439
2021,30-34,Johor,1384
2021,30-34,Kedah,515
2021,30-34,Kelantan,345
2021,30-34,Malaysia,13512
2021,30-34,Melaka,660
2021,30-34,Negeri Sembilan,442
2021,30-34,Pahang,640
2021,30-34,Perak,1057
2021,30-34,Pulau Pinang,920
2021,30-34,Sabah,1045
2021,30-34,Sarawak,913
2021,30-34,Selangor,672
2021,30-34,Terengganu,401
2021,30-34,W.P. Kuala Lumpur,4518
2021,35-39,Johor,1399
2021,35-39,Kedah,539
2021,35-39,Kelantan,325
2021,35-39,Malaysia,12659
2021,35-39,Melaka,636
2021,35-39,Negeri Sembilan,432
2021,35-39,Pahang,671
2021,35-39,Perak,1161
2021,35-39,Pulau Pinang,824
2021,35-39,Sabah,980
2021,35-39,Sarawak,826
2021,35-39,Selangor,595
2021,35-39,Terengganu,349
2021,35-39,W.P. Kuala Lumpur,3922
2021,40-44,Johor,995
2021,40-44,Kedah,372
2021,40-44,Kelantan,194
2021,40-44,Malaysia,9002
2021,40-44,Melaka,447
2021,40-44,Negeri Sembilan,300
2021,40-44,Pahang,476
2021,40-44,Perak,697
2021,40-44,Pulau Pinang,719
2021,40-44,Sabah,843
2021,40-44,Sarawak,572
2021,40-44,Selangor,364
2021,40-44,Terengganu,277
2021,40-44,W.P. Kuala Lumpur,2746
2021,45-49,Johor,619
2021,45-49,Kedah,260
2021,45-49,Kelantan,173
2021,45-49,Malaysia,5681
2021,45-49,Melaka,313
2021,45-49,Negeri Sembilan,161
2021,45-49,Pahang,274
2021,45-49,Perak,440
2021,45-49,Pulau Pinang,488
2021,45-49,Sabah,531
2021,45-49,Sarawak,398
2021,45-49,Selangor,234
2021,45-49,Terengganu,178
2021,45-49,W.P. Kuala Lumpur,1612
2021,50-54,Johor,466
2021,50-54,Kedah,179
2021,50-54,Kelantan,96
2021,50-54,Malaysia,3724
2021,50-54,Melaka,208
2021,50-54,Negeri Sembilan,96
2021,50-54,Pahang,166
2021,50-54,Perak,295
2021,50-54,Pulau Pinang,259
2021,50-54,Sabah,407
2021,50-54,Sarawak,262
2021,50-54,Selangor,180
2021,50-54,Terengganu,139
2021,50-54,W.P. Kuala Lumpur,971
2021,55-59,Johor,231
2021,55-59,Kedah,109
2021,55-59,Kelantan,44
2021,55-59,Malaysia,1904
2021,55-59,Melaka,99
2021,55-59,Negeri Sembilan,46
2021,55-59,Pahang,82
2021,55-59,Perak,179
2021,55-59,Pulau Pinang,139
2021,55-59,Sabah,183
2021,55-59,Sarawak,145
2021,55-59,Selangor,77
2021,55-59,Terengganu,71
2021,55-59,W.P. Kuala Lumpur,499
2021,60-64,Johor,24
2021,60-64,Kedah,11
2021,60-64,Kelantan,5
2021,60-64,Malaysia,142
2021,60-64,Melaka,6
2021,60-64,Negeri Sembilan,5
2021,60-64,Pahang,6
2021,60-64,Perak,6
2021,60-64,Pulau Pinang,7
2021,60-64,Sabah,21
2021,60-64,Sarawak,11
2021,60-64,Selangor,3
2021,60-64,Terengganu,6
2021,60-64,W.P. Kuala Lumpur,31
2022,17-24,Johor,3084
2022,17-24,Kedah,3081
2022,17-24,Kelantan,2035
2022,17-24,Malaysia,49187
2022,17-24,Melaka,3285
2022,17-24,Negeri Sembilan,1461
2022,17-24,Pahang,3221
2022,17-24,Perak,5090
2022,17-24,Pulau Pinang,2213
2022,17-24,Sabah,2693
2022,17-24,Sarawak,1991
2022,17-24,Selangor,1991
2022,17-24,Terengganu,3147
2022,17-24,W.P. Kuala Lumpur,15895
2022,25-29,Johor,1871
2022,25-29,Kedah,469
2022,25-29,Kelantan,532
2022,25-29,Malaysia,18953
2022,25-29,Melaka,996
2022,25-29,Negeri Sembilan,561
2022,25-29,Pahang,736
2022,25-29,Perak,1543
2022,25-29,Pulau Pinang,1398
2022,25-29,Sabah,1320
2022,25-29,Sarawak,1194
2022,25-29,Selangor,1106
2022,25-29,Terengganu,545
2022,25-29,W.P. Kuala Lumpur,6682
2022,30-34,Johor,1462
2022,30-34,Kedah,402
2022,30-34,Kelantan,399
2022,30-34,Malaysia,14408
2022,30-34,Melaka,678
2022,30-34,Negeri Sembilan,411
2022,30-34,Pahang,663
2022,30-34,Perak,1067
2022,30-34,Pulau Pinang,1097
2022,30-34,Sabah,1177
2022,30-34,Sarawak,993
2022,30-34,Selangor,804
2022,30-34,Terengganu,393
2022,30-34,W.P. Kuala Lumpur,4862
2022,35-39,Johor,1281
2022,35-39,Kedah,395
2022,35-39,Kelantan,421
2022,35-39,Malaysia,13358
2022,35-39,Melaka,609
2022,35-39,Negeri Sembilan,402
2022,35-39,Pahang,622
2022,35-39,Perak,1139
2022,35-39,Pulau Pinang,987
2022,35-39,Sabah,1217
2022,35-39,Sarawak,888
2022,35-39,Selangor,730
2022,35-39,Terengganu,381
2022,35-39,W.P. Kuala Lumpur,4286
2022,40-44,Johor,1101
2022,40-44,Kedah,324
2022,40-44,Kelantan,335
2022,40-44,Malaysia,10612
2022,40-44,Melaka,472
2022,40-44,Negeri Sembilan,314
2022,40-44,Pahang,443
2022,40-44,Perak,785
2022,40-44,Pulau Pinang,773
2022,40-44,Sabah,943
2022,40-44,Sarawak,695
2022,40-44,Selangor,644
2022,40-44,Terengganu,351
2022,40-44,W.P. Kuala Lumpur,3432
2022,45-49,Johor,687
2022,45-49,Kedah,209
2022,45-49,Kelantan,259
2022,45-49,Malaysia,6870
2022,45-49,Melaka,292
2022,45-49,Negeri Sembilan,181
2022,45-49,Pahang,277
2022,45-49,Perak,514
2022,45-49,Pulau Pinang,490
2022,45-49,Sabah,626
2022,45-49,Sarawak,474
2022,45-49,Selangor,405
2022,45-49,Terengganu,172
2022,45-49,W.P. Kuala Lumpur,2284
2022,50-54,Johor,542
2022,50-54,Kedah,146
2022,50-54,Kelantan,154
2022,50-54,Malaysia,4858
2022,50-54,Melaka,235
2022,50-54,Negeri Sembilan,134
2022,50-54,Pahang,179
2022,50-54,Perak,435
2022,50-54,Pulau Pinang,354
2022,50-54,Sabah,550
2022,50-54,Sarawak,322
2022,50-54,Selangor,274
2022,50-54,Terengganu,139
2022,50-54,W.P. Kuala Lumpur,1394
2022,55-59,Johor,246
2022,55-59,Kedah,69
2022,55-59,Kelantan,94
2022,55-59,Malaysia,2464
2022,55-59,Melaka,134
2022,55-59,Negeri Sembilan,72
2022,55-59,Pahang,100
2022,55-59,Perak,215
2022,55-59,Pulau Pinang,175
2022,55-59,Sabah,241
2022,55-59,Sarawak,197
2022,55-59,Selangor,117
2022,55-59,Terengganu,70
2022,55-59,W.P. Kuala Lumpur,734
2022,60-64,Johor,32
2022,60-64,Kedah,4
2022,60-64,Kelantan,9
2022,60-64,Malaysia,205
2022,60-64,Melaka,21
2022,60-64,Negeri Sembilan,4
2022,60-64,Pahang,12
2022,60-64,Perak,15
2022,60-64,Pulau Pinang,4
2022,60-64,Sabah,23
2022,60-64,Sarawak,12
2022,60-64,Selangor,5
2022,60-64,Terengganu,8
2022,60-64,W.P. Kuala Lumpur,56
2023,17-24,Johor,2687
2023,17-24,Kedah,2766
2023,17-24,Kelantan,2538
2023,17-24,Malaysia,49617
2023,17-24,Melaka,3321
2023,17-24,Negeri Sembilan,1311
2023,17-24,Pahang,2804
2023,17-24,Perak,5004
2023,17-24,Pulau Pinang,2346
2023,17-24,Sabah,2877
2023,17-24,Sarawak,1974
2023,17-24,Selangor,1948
2023,17-24,Terengganu,3536
2023,17-24,W.P. Kuala Lumpur,16505
2023,25-29,Johor,1746
2023,25-29,Kedah,482
2023,25-29,Kelantan,542
2023,25-29,Malaysia,18197
2023,25-29,Melaka,801
2023,25-29,Negeri Sembilan,515
2023,25-29,Pahang,588
2023,25-29,Perak,1204
2023,25-29,Pulau Pinang,1592
2023,25-29,Sabah,1302
2023,25-29,Sarawak,1081
2023,25-29,Selangor,1201
2023,25-29,Terengganu,606
2023,25-29,W.P. Kuala Lumpur,6537
2023,30-34,Johor,1474
2023,30-34,Kedah,378
2023,30-34,Kelantan,392
2023,30-34,Malaysia,13477
2023,30-34,Melaka,588
2023,30-34,Negeri Sembilan,386
2023,30-34,Pahang,561
2023,30-34,Perak,815
2023,30-34,Pulau Pinang,1076
2023,30-34,Sabah,1251
2023,30-34,Sarawak,955
2023,30-34,Selangor,876
2023,30-34,Terengganu,412
2023,30-34,W.P. Kuala Lumpur,4313
2023,35-39,Johor,1307
2023,35-39,Kedah,371
2023,35-39,Kelantan,465
2023,35-39,Malaysia,12561
2023,35-39,Melaka,447
2023,35-39,Negeri Sembilan,410
2023,35-39,Pahang,631
2023,35-39,Perak,960
2023,35-39,Pulau Pinang,1005
2023,35-39,Sabah,1255
2023,35-39,Sarawak,919
2023,35-39,Selangor,740
2023,35-39,Terengganu,381
2023,35-39,W.P. Kuala Lumpur,3670
2023,40-44,Johor,1079
2023,40-44,Kedah,330
2023,40-44,Kelantan,367
2023,40-44,Malaysia,10124
2023,40-44,Melaka,352
2023,40-44,Negeri Sembilan,312
2023,40-44,Pahang,469
2023,40-44,Perak,699
2023,40-44,Pulau Pinang,748
2023,40-44,Sabah,1014
2023,40-44,Sarawak,672
2023,40-44,Selangor,620
2023,40-44,Terengganu,322
2023,40-44,W.P. Kuala Lumpur,3140
2023,45-49,Johor,724
2023,45-49,Kedah,188
2023,45-49,Kelantan,270
2023,45-49,Malaysia,6888
2023,45-49,Melaka,258
2023,45-49,Negeri Sembilan,224
2023,45-49,Pahang,274
2023,45-49,Perak,473
2023,45-49,Pulau Pinang,528
2023,45-49,Sabah,670
2023,45-49,Sarawak,472
2023,45-49,Selangor,429
2023,45-49,Terengganu,188
2023,45-49,W.P. Kuala Lumpur,2190
2023,50-54,Johor,615
2023,50-54,Kedah,142
2023,50-54,Kelantan,177
2023,50-54,Malaysia,4878
2023,50-54,Melaka,177
2023,50-54,Negeri Sembilan,132
2023,50-54,Pahang,193
2023,50-54,Perak,370
2023,50-54,Pulau Pinang,382
2023,50-54,Sabah,664
2023,50-54,Sarawak,328
2023,50-54,Selangor,270
2023,50-54,Terengganu,110
2023,50-54,W.P. Kuala Lumpur,1318
2023,55-59,Johor,246
2023,55-59,Kedah,70
2023,55-59,Kelantan,100
2023,55-59,Malaysia,2339
2023,55-59,Melaka,70
2023,55-59,Negeri Sembilan,83
2023,55-59,Pahang,63
2023,55-59,Perak,222
2023,55-59,Pulau Pinang,163
2023,55-59,Sabah,277
2023,55-59,Sarawak,199
2023,55-59,Selangor,129
2023,55-59,Terengganu,58
2023,55-59,W.P. Kuala Lumpur,659
2023,60-64,Johor,23
2023,60-64,Kedah,1
2023,60-64,Kelantan,8
2023,60-64,Malaysia,185
2023,60-64,Melaka,8
2023,60-64,Negeri Sembilan,3
2023,60-64,Pahang,9
2023,60-64,Perak,13
2023,60-64,Pulau Pinang,7
2023,60-64,Sabah,25
2023,60-64,Sarawak,17
2023,60-64,Selangor,7
2023,60-64,Terengganu,6
2023,60-64,W.P. Kuala Lumpur,58
2024,17-24,Johor,2029
2024,17-24,Kedah,1869
2024,17-24,Kelantan,1963
2024,17-24,Malaysia,32585
2024,17-24,Melaka,1921
2024,17-24,Negeri Sembilan,1216
2024,17-24,Pahang,1918
2024,17-24,Perak,2858
2024,17-24,Pulau Pinang,1750
2024,17-24,Sabah,1909
2024,17-24,Sarawak,1316
2024,17-24,Selangor,1566
2024,17-24,Terengganu,2214
2024,17-24,W.P. Kuala Lumpur,10056
2024,25-29,Johor,1241
2024,25-29,Kedah,374
2024,25-29,Kelantan,468
2024,25-29,Malaysia,13345
2024,25-29,Melaka,611
2024,25-29,Negeri Sembilan,438
2024,25-29,Pahang,490
2024,25-29,Perak,921
2024,25-29,Pulau Pinang,1109
2024,25-29,Sabah,1006
2024,25-29,Sarawak,739
2024,25-29,Selangor,938
2024,25-29,Terengganu,423
2024,25-29,W.P. Kuala Lumpur,4587
2024,30-34,Johor,1058
2024,30-34,Kedah,286
2024,30-34,Kelantan,365
2024,30-34,Malaysia,10387
2024,30-34,Melaka,397
2024,30-34,Negeri Sembilan,298
2024,30-34,Pahang,462
2024,30-34,Perak,730
2024,30-34,Pulau Pinang,760
2024,30-34,Sabah,957
2024,30-34,Sarawak,693
2024,30-34,Selangor,738
2024,30-34,Terengganu,326
2024,30-34,W.P. Kuala Lumpur,3317
2024,35-39,Johor,923
2024,35-39,Kedah,296
2024,35-39,Kelantan,349
2024,35-39,Malaysia,9045
2024,35-39,Melaka,351
2024,35-39,Negeri Sembilan,313
2024,35-39,Pahang,459
2024,35-39,Perak,629
2024,35-39,Pulau Pinang,652
2024,35-39,Sabah,888
2024,35-39,Sarawak,567
2024,35-39,Selangor,566
2024,35-39,Terengganu,315
2024,35-39,W.P. Kuala Lumpur,2737
2024,40-44,Johor,785
2024,40-44,Kedah,246
2024,40-44,Kelantan,312
2024,40-44,Malaysia,7499
2024,40-44,Melaka,330
2024,40-44,Negeri Sembilan,229
2024,40-44,Pahang,378
2024,40-44,Perak,577
2024,40-44,Pulau Pinang,552
2024,40-44,Sabah,722
2024,40-44,Sarawak,467
2024,40-44,Selangor,471
2024,40-44,Terengganu,257
2024,40-44,W.P. Kuala Lumpur,2173
2024,45-49,Johor,530
2024,45-49,Kedah,157
2024,45-49,Kelantan,180
2024,45-49,Malaysia,4921
2024,45-49,Melaka,184
2024,45-49,Negeri Sembilan,124
2024,45-49,Pahang,220
2024,45-49,Perak,341
2024,45-49,Pulau Pinang,387
2024,45-49,Sabah,454
2024,45-49,Sarawak,353
2024,45-49,Selangor,321
2024,45-49,Terengganu,172
2024,45-49,W.P. Kuala Lumpur,1498
2024,50-54,Johor,444
2024,50-54,Kedah,99
2024,50-54,Kelantan,113
2024,50-54,Malaysia,3419
2024,50-54,Melaka,124
2024,50-54,Negeri Sembilan,80
2024,50-54,Pahang,144
2024,50-54,Perak,245
2024,50-54,Pulau Pinang,255
2024,50-54,Sabah,402
2024,50-54,Sarawak,251
2024,50-54,Selangor,206
2024,50-54,Terengganu,100
2024,50-54,W.P. Kuala Lumpur,956
2024,55-59,Johor,221
2024,55-59,Kedah,69
2024,55-59,Kelantan,87
2024,55-59,Malaysia,1806
2024,55-59,Melaka,81
2024,55-59,Negeri Sembilan,39
2024,55-59,Pahang,64
2024,55-59,Perak,144
2024,55-59,Pulau Pinang,98
2024,55-59,Sabah,199
2024,55-59,Sarawak,131
2024,55-59,Selangor,110
2024,55-59,Terengganu,46
2024,55-59,W.P. Kuala Lumpur,517
2024,60-64,Johor,15
2024,60-64,Kedah,3
2024,60-64,Kelantan,13
2024,60-64,Malaysia,140
2024,60-64,Melaka,10
2024,60-64,Negeri Sembilan,2
2024,60-64,Pahang,8
2024,60-64,Perak,7
2024,60-64,Pulau Pinang,7
2024,60-64,Sabah,17
2024,60-64,Sarawak,13
2024,60-64,Selangor,5
2024,60-64,Terengganu,7
2024,60-64,W.P. Kuala Lumpur,33
